id,name
0,17116707
1,28465635
2,380580781
3,18996905
4,153460275
5,222261763
6,88323281
7,19933035
8,17434613
9,364971269
10,100581193
11,279787626
12,69592091
13,187773078
14,262802533
15,280935165
16,285312927
17,254839786
18,204317520
19,21548772
20,67864340
21,297801196
22,124528830
23,307458983
24,220368467
25,54228724
26,206923844
27,103598216
28,21146135
29,451250774
30,6581292
31,196327549
32,225444667
33,35415466
34,324201646
35,40981798
36,358775055
37,70492333
38,430313102
39,276577539
40,107511013
41,22462180
42,200559228
43,19493072
44,31414569
45,117901353
46,231238695
47,43003845
48,400689940
49,26929220
50,166214735
51,148519842
52,283306479
53,125120339
54,220068522
55,155661154
56,195475105
57,134940306
58,368018677
59,116498875
60,128721580
61,254610699
62,247741328
63,94621855
64,236184723
65,86221475
66,250178329
67,292598082
68,29911100
69,294752666
70,27077521
71,163238842
72,133055665
73,260769396
74,252770012
75,213777144
76,46209291
77,46831674
78,8163442
79,16503181
80,116036694
81,179138862
82,19358562
83,33612973
84,37270037
85,49104918
86,170460311
87,152388029
88,261447035
89,120599128
90,57828817
91,250340951
92,59588845
93,2367911
94,74107696
95,477094958
96,86799233
97,17627996
98,271602109
99,282206645
100,31317273
101,45333725
102,309782398
103,349413327
104,31246395
105,43640117
106,63941463
107,83155222
108,73738774
109,100052945
110,105259389
111,31457243
112,102765423
113,16216637
114,767809
115,30690708
116,5992502
117,19681661
118,15465769
119,22689667
120,57261575
121,4126501
122,22558481
123,60607157
124,25615305
125,166002579
126,96770886
127,7712232
128,37977732
129,16858804
130,28359405
131,9973842
132,451331227
133,124746917
134,14677919
135,83529586
136,9503302
137,5533902
138,14551276
139,98976495
140,22200888
141,88974843
142,16967011
143,171145913
144,113415132
145,18758940
146,19230869
147,84111527
148,117998529
149,23150071
150,38718720
151,93906304
152,6127252
153,17902348
154,59557446
155,27703441
156,23484510
157,792998
158,20583098
159,2705
160,557196973
161,23483324
162,21074641
163,174118650
164,17293897
165,454423088
166,22879382
167,155613846
168,137355085
169,291476217
170,236575672
171,82030021
172,17037417
173,28149277
174,131601987
175,90722891
176,90779436
177,22784458
178,146556805
179,118811608
180,104155395
181,51477206
182,34805698
183,37876253
184,239257866
185,14876672
186,101859065
187,23152989
188,61065794
189,301695120
190,102364313
191,37008705
192,19153742
193,147946019
194,54581743
195,235163686
196,164422299
197,22592948
198,58309829
199,135268094
200,19383317
201,230505689
202,206416476
203,15460081
204,115525090
205,29654458
206,240944206
207,16895295
208,163274846
209,111990504
210,309765553
211,27090278
212,69373005
213,48504743
214,302936475
215,181288376
216,250988604
217,171704225
218,158526208
219,193593048
220,244719623
221,79817691
222,208105146
223,333011515
224,258490941
225,342221618
226,32032000
227,16583672
228,20803125
229,311776211
230,7861312
231,7860742
232,9955652
233,462541005
234,20747741
235,17047105
236,20106852
237,434725454
238,18666844
239,15666380
240,21158690
241,16799897
242,317846921
243,130897520
244,438460947
245,16663695
246,47799910
247,14888584
248,300599613
249,167744987
250,191638793
251,16038438
252,390811153
253,394216985
254,126042901
255,7384432
256,62050341
257,15343773
258,19049747
259,167010482
260,60101131
261,299715714
262,7079062
263,88501703
264,20747847
265,14824849
266,110481357
267,224809136
268,14111650
269,310087940
270,18501326
271,243058696
272,18781900
273,306472866
274,7453822
275,357268791
276,308324295
277,16894839
278,280725732
279,467658266
280,8715652
281,116511302
282,40791597
283,17158189
284,25495625
285,7081402
286,143244854
287,337131276
288,127569781
289,14464369
290,22857385
291,28521141
292,40340464
293,351671009
294,10350
295,24591819
296,59877557
297,15029953
298,114563370
299,16908436
300,18488495
301,14311802
302,756379
303,14412605
304,520027894
305,15665127
306,1183041
307,19521118
308,18444530
309,87759396
310,1065921
311,20273398
312,19489341
313,6572452
314,294430454
315,31067157
316,769584
317,34455805
318,468094034
319,23831909
320,358553967
321,50557241
322,333709376
323,66561957
324,48370736
325,187366802
326,17759701
327,14050306
328,16536215
329,20015787
330,681813
331,18959811
332,125540746
333,43275782
334,18709570
335,16583999
336,22924257
337,17865810
338,7385102
339,214328887
340,34428380
341,221036078
342,107830991
343,17868918
344,151338729
345,19705747
346,149538028
347,158419434
348,153226312
349,113058991
350,406628822
351,460282402
352,437804658
353,27633075
354,131613362
355,17675120
356,394263193
357,172883064
358,270449528
359,8088112
360,14925700
361,160237722
362,207594668
363,314316607
364,31331740
365,274153775
366,72818790
367,430268163
368,88097807
369,276308596
370,15023872
371,16870853
372,299715516
373,35359596
374,248883350
375,157829215
376,258140947
377,123371682
378,461410856
379,37699718
380,117674417
381,56860418
382,413275344
383,259842341
384,35148062
385,57490887
386,15150609
387,17759158
388,83943787
389,115221382
390,439788025
391,262340283
392,257236842
393,463952369
394,226629405
395,529007327
396,83417972
397,197504076
398,222411742
399,145845459
400,238201669
401,288485704
402,229425177
403,121533789
404,203338499
405,18951737
406,239144776
407,28019653
408,447688115
409,109740608
410,276706356
411,236143101
412,333161611
413,226165839
414,83032174
415,55033682
416,112939321
417,265077741
418,186212304
419,233248636
420,30971165
421,81446304
422,204140367
423,189875309
424,170167167
425,222090651
426,93224416
427,355823615
428,253091523
429,375317198
430,200884513
431,312284236
432,260705759
433,236026868
434,95260836
435,451493376
436,21272026
437,33806113
438,9695312
439,272173354
440,41472982
441,287915525
442,273149543
443,53222305
444,215787132
445,375228586
446,72680406
447,11259362
448,17859804
449,83876527
450,195409031
451,18109441
452,16877939
453,21734241
454,46073276
455,6463042
456,99211591
457,23930272
458,44436825
459,55113
460,41048052
461,203827751
462,10075442
463,17342842
464,17477343
465,56318573
466,111615736
467,17870886
468,163937752
469,21742517
470,79797834
471,138549366
472,50944856
473,14169740
474,20757640
475,18344173
476,55019225
477,52073562
478,30486243
479,25835874
480,349256925
481,258681133
482,35476618
483,30204310
484,111164068
485,29514951
486,94918917
487,159629146
488,191620115
489,15999863
490,95980722
491,101903164
492,14683518
493,176872879
494,28144741
495,293353298
496,486930916
497,263907906
498,345707398
499,203623462
500,211670208
501,112819301
502,352035443
503,250849104
504,161788974
505,22440364
506,54611487
507,34507480
508,243836182
509,27772095
510,328158079
511,143838260
512,222802532
513,23375688
514,25970331
515,100318079
516,20271494
517,169504184
518,16824090
519,26649453
520,14425825
521,421412483
522,243227325
523,63808966
524,243273954
525,226516599
526,408060505
527,225488317
528,148081553
529,197090502
530,480595611
531,40968863
532,34270956
533,2883841
534,325054079
535,126470482
536,192023970
537,339373057
538,176222605
539,335678635
540,109698612
541,25592034
542,19507713
543,35918787
544,16079941
545,23559552
546,51246108
547,20637608
548,18927441
549,365014160
550,15271920
551,16786977
552,373018050
553,369586333
554,96747353
555,51162310
556,18130749
557,363426409
558,58714972
559,31808762
560,315338495
561,352226153
562,16909832
563,362286999
564,126099878
565,422066630
566,794186
567,17105214
568,95820486
569,18069427
570,405323682
571,404376053
572,193059216
573,7377812
574,172959279
575,15439395
576,212018296
577,15661871
578,17092862
579,223247584
580,14589257
581,344334227
582,8207762
583,26841335
584,16218063
585,33087222
586,18445879
587,19415126
588,4893411
589,23691649
590,20661527
591,14424667
592,15643370
593,22643137
594,46241448
595,16150457
596,15913
597,18602163
598,43662236
599,179278975
600,15575251
601,123678437
602,18849313
603,18125335
604,9199472
605,15758036
606,28202547
607,14165096
608,16626187
609,43219574
610,6068612
611,14326003
612,33035636
613,121637129
614,14303746
615,21076522
616,16956955
617,274149738
618,16098603
619,34170312
620,283306509
621,5980142
622,15863699
623,23742474
624,18819743
625,395395198
626,56768257
627,15359658
628,41262929
629,520809979
630,55656369
631,3462421
632,167552021
633,31892440
634,75193883
635,14326533
636,23390284
637,332375645
